Codigo Cliente,Mensualidad,antiguedad_meses,ti_cod,megas_cod,municipio_cod,metodo_pago_cod,n_meses_activos,n_pagos_ok,n_moras_historicas,tasa_mora_historica,es_moroso,moras_ult_3_meses,moras_ult_6_meses,racha_limpia_final,dia_prom_pago_ult12,objetivo_mora_ultimo_mes
1,100.0,30.9461,0,0,4,1,31,31,0,0.0,0,0,0,31,4.4167,0
2,100.0,85.9724,0,0,3,2,86,85,1,0.0116,1,1,1,0,15.75,1
3,80.0,84.9869,0,0,4,2,84,83,1,0.0119,1,1,1,0,15.75,1
4,100.0,85.841,0,0,3,2,86,85,1,0.0116,1,1,1,0,20.75,1
5,100.0,9.954,0,0,3,0,10,9,1,0.1,1,1,1,0,15.6,1
6,100.0,12.9763,0,0,4,0,13,13,0,0.0,0,0,0,13,13.3333,0
7,100.0,33.9685,0,0,0,0,34,33,1,0.0294,1,1,1,0,11.7,1
8,100.0,63.929,0,0,4,0,64,64,0,0.0,0,0,0,64,18.3333,0
9,100.0,65.933,0,0,4,0,66,65,1,0.0152,1,1,1,0,8.0,1
10,100.0,28.9422,2,0,4,0,29,29,0,0.0,0,0,0,29,1.5,0
11,100.0,30.9461,0,0,4,0,31,30,1,0.0323,1,1,1,0,23.8333,1
12,100.0,17.9369,0,0,4,0,18,18,0,0.0,0,0,0,18,3.6667,0
13,100.0,71.9777,1,0,4,0,72,70,2,0.0278,1,1,1,0,13.4167,1
14,100.0,65.9987,0,0,3,0,62,61,1,0.0161,1,0,0,19,6.0833,0
15,100.0,85.9067,0,0,4,0,86,84,2,0.0233,1,1,1,0,10.1667,1
16,100.0,45.7293,0,0,4,0,45,45,0,0.0,0,0,0,6,13.0909,0
17,140.0,43.9225,0,2,4,0,44,44,0,0.0,0,0,0,44,16.9167,0
18,80.0,42.7727,0,0,4,0,43,43,0,0.0,0,0,0,43,16.9167,0
19,80.0,37.0565,0,0,4,0,38,38,0,0.0,0,0,0,38,16.9167,0
20,150.0,21.3206,0,2,3,0,21,21,0,0.0,0,0,0,21,16.9167,0
21,100.0,20.9593,0,0,4,0,21,21,0,0.0,0,0,0,21,8.5833,0
22,50.0,9.954,0,0,4,0,10,10,0,0.0,0,0,0,10,11.7,0
23,100.0,12.4179,0,0,4,0,13,13,0,0.0,0,0,0,13,22.1429,0
24,100.0,10.4796,0,0,0,0,11,11,0,0.0,0,0,0,11,14.9091,0
25,100.0,52.9238,0,0,4,0,53,52,1,0.0189,1,0,0,26,3.5,0
26,100.0,67.3456,0,0,4,2,68,66,2,0.0294,1,1,1,0,12.5833,1
27,100.0,3.9422,0,0,4,0,4,4,0,0.0,0,0,0,4,9.25,0
28,100.0,57.9501,0,0,4,0,58,57,1,0.0172,1,1,1,0,18.9167,1
29,80.0,62.4836,0,0,4,0,61,61,0,0.0,0,0,0,42,17.6667,0
30,100.0,1.0184,0,0,-1,0,58,58,0,0.0,0,0,0,39,20.0,0
31,100.0,10.2168,0,0,4,0,11,10,1,0.0909,1,1,1,0,13.4545,1
32,100.0,85.9067,0,0,4,2,85,82,3,0.0353,1,2,2,0,15.25,1
33,100.0,30.9461,0,0,4,0,31,31,0,0.0,0,0,0,31,4.25,0
34,100.0,63.929,0,0,4,0,64,63,1,0.0156,1,1,1,0,16.8333,1
35,100.0,70.4665,0,0,4,0,70,68,2,0.0286,1,2,2,0,10.0833,1
36,80.0,18.7254,0,0,4,0,19,18,1,0.0526,1,1,1,0,10.6667,1
37,100.0,22.6347,0,0,4,1,23,20,3,0.1304,1,3,3,0,8.0833,1
38,100.0,67.9698,0,0,4,0,69,69,0,0.0,0,0,0,69,4.3333,0
39,80.0,8.9685,1,0,4,0,8,8,0,0.0,0,0,0,0,23.75,0
40,100.0,36.3338,0,0,4,0,32,31,1,0.0312,1,1,1,0,19.5455,1
41,80.0,56.9645,0,0,4,1,54,52,2,0.037,1,2,2,0,7.1818,1
42,80.0,16.6557,0,0,4,0,17,17,0,0.0,0,0,0,17,6.1667,0
43,100.0,2.0039,1,0,4,0,2,1,1,0.5,1,1,1,0,10.5,1
44,100.0,2.0039,1,0,4,0,2,1,1,0.5,1,1,1,0,10.5,1
45,80.0,27.2339,0,0,4,2,26,24,2,0.0769,1,2,2,0,12.5833,1
46,100.0,1.1827,0,0,4,0,1,1,0,0.0,0,0,0,1,24.0,0
47,100.0,1.9054,0,0,4,2,1,1,0,0.0,0,0,0,1,1.0,0
48,100.0,57.9501,0,0,3,0,58,57,1,0.0172,1,1,1,0,6.6667,1
49,100.0,15.933,0,0,4,0,16,15,1,0.0625,1,1,1,0,13.5,1
50,60.0,71.0578,0,0,4,0,69,68,1,0.0145,1,1,1,0,6.7273,1
51,100.0,31.9317,0,0,4,2,32,31,1,0.0312,1,1,1,0,7.2727,1
52,100.0,0.9527,0,0,4,0,1,1,0,0.0,0,0,0,1,5.0,0
53,100.0,22.9304,0,0,4,0,23,23,0,0.0,0,0,0,0,10.6364,0
54,100.0,75.4928,0,0,4,0,76,73,3,0.0395,1,3,3,0,11.9167,1
55,100.0,0.9527,0,0,4,4,0,0,0,0.0,0,0,0,0,14.5,0
56,100.0,34.954,0,0,4,0,35,34,1,0.0286,1,1,1,0,4.8333,1
57,100.0,47.9304,0,0,4,0,48,47,1,0.0208,1,1,1,0,5.4167,1
58,100.0,43.9225,0,0,4,0,44,44,0,0.0,0,0,0,44,2.0833,0
59,100.0,0.9527,0,0,4,0,1,1,0,0.0,0,0,0,1,14.5,0
60,100.0,71.912,0,0,4,0,72,72,0,0.0,0,0,0,72,20.8333,0
61,80.0,2.8909,0,0,4,0,3,3,0,0.0,0,0,0,3,4.6667,0
62,100.0,25.887,0,0,4,1,26,25,1,0.0385,1,1,1,0,10.4167,1
63,100.0,28.9093,0,0,4,0,29,29,0,0.0,0,0,0,29,4.75,0
64,100.0,24.9343,0,0,4,0,25,24,1,0.04,1,1,1,0,9.25,1
65,100.0,11.9251,0,0,4,0,12,12,0,0.0,0,0,0,12,2.3333,0
66,100.0,68.9225,0,0,4,1,69,68,1,0.0145,1,1,1,0,5.5833,1
67,100.0,46.9448,0,0,4,0,47,47,0,0.0,0,0,0,47,6.3333,0
68,100.0,31.9317,0,0,4,1,32,32,0,0.0,0,0,0,32,4.5,0
69,100.0,2.8909,0,0,4,2,3,2,1,0.3333,1,1,1,0,6.0,1
70,100.0,65.9001,0,0,4,0,66,64,2,0.0303,1,2,2,0,16.1667,1
71,100.0,49.8686,0,0,3,0,50,48,2,0.04,1,1,1,0,2.5,1
72,80.0,10.9396,1,0,4,0,11,10,1,0.0909,1,1,1,0,17.4545,1
73,100.0,14.8817,0,0,4,0,15,14,1,0.0667,1,1,1,0,1.8333,1
74,100.0,8.9356,0,0,4,0,9,9,0,0.0,0,0,0,9,17.4286,0
75,100.0,8.9356,0,0,4,0,9,8,1,0.1111,1,1,1,0,2.6667,1
76,100.0,17.9041,0,0,4,0,18,16,2,0.1111,1,2,2,0,7.9167,1
77,100.0,8.9028,0,0,4,0,9,6,3,0.3333,1,3,3,0,8.875,1
78,100.0,1.8397,0,0,3,2,2,2,0,0.0,0,0,0,2,6.5,0
79,80.0,0.9198,0,0,6,2,1,1,0,0.0,0,0,0,1,3.0,0
80,100.0,8.9028,0,0,4,0,9,9,0,0.0,0,0,0,9,12.3333,0
81,100.0,2.8581,0,0,4,3,3,3,0,0.0,0,0,0,3,3.0,0
82,100.0,15.8673,0,0,4,0,16,16,0,0.0,0,0,0,16,9.1667,0
83,100.0,2.8581,0,0,3,2,3,2,1,0.3333,1,1,1,0,3.3333,1
84,80.0,1.3141,0,0,3,4,0,0,0,0.0,0,0,0,0,14.5,0
85,100.0,25.8541,0,0,4,0,26,26,0,0.0,0,0,0,26,7.0,0
86,100.0,60.9067,0,0,4,0,61,61,0,0.0,0,0,0,61,5.6667,0
87,100.0,22.8975,0,0,4,0,23,23,0,0.0,0,0,0,23,8.6364,0
88,100.0,10.9067,0,0,3,0,11,10,1,0.0909,1,1,1,0,4.9091,1
89,100.0,57.8844,0,0,4,3,58,57,1,0.0172,1,1,1,0,8.5833,1
90,100.0,14.8489,0,0,4,0,3,3,0,0.0,0,0,0,3,2.6667,0
91,100.0,2.8581,0,0,4,1,3,3,0,0.0,0,0,0,3,4.6667,0
92,100.0,3.8765,0,0,4,0,4,4,0,0.0,0,0,0,4,16.25,0
93,100.0,59.8883,0,0,3,1,60,60,0,0.0,0,0,0,60,20.1667,0
94,100.0,5.8804,0,0,4,0,6,6,0,0.0,0,0,0,6,4.8333,0
95,100.0,52.8581,0,0,4,0,53,53,0,0.0,0,0,0,53,28.8333,0
96,100.0,16.8528,0,0,4,0,17,16,1,0.0588,1,1,1,0,9.5,1
97,100.0,8.9028,0,0,4,0,7,7,0,0.0,0,0,0,0,7.6,0
98,100.0,46.912,0,0,4,1,47,47,0,0.0,0,0,0,47,4.75,0
99,100.0,11.8922,0,0,4,0,12,12,0,0.0,0,0,0,12,7.25,0
100,100.0,46.8791,0,0,4,0,47,47,0,0.0,0,0,0,47,3.3333,0
101,180.0,32.8844,1,2,7,0,33,32,1,0.0303,1,1,1,0,11.0,1
102,100.0,27.8581,0,0,4,0,28,27,1,0.0357,1,1,1,0,15.7273,1
103,100.0,62.8121,0,0,4,0,63,62,1,0.0159,1,1,1,0,5.25,1
104,80.0,35.8739,0,0,4,0,34,33,1,0.0294,1,1,1,0,5.5833,1
105,100.0,49.8029,0,0,3,0,50,49,1,0.02,1,1,1,0,12.1667,1
106,100.0,18.8239,0,0,4,0,18,18,0,0.0,0,0,0,0,10.9167,0
107,100.0,16.82,0,0,4,0,17,16,1,0.0588,1,1,1,0,7.5,1
108,100.0,7.8515,0,0,4,0,8,7,1,0.125,1,1,1,0,8.625,1
109,100.0,26.4126,0,0,4,0,1,1,0,0.0,0,0,0,1,9.0,0
110,100.0,66.7871,0,0,4,0,67,66,1,0.0149,1,1,1,0,12.0833,1
111,80.0,0.887,0,0,4,2,1,1,0,0.0,0,0,0,1,4.0,0
112,100.0,8.8699,0,0,4,0,9,9,0,0.0,0,0,0,9,15.875,0
113,100.0,18.8239,0,0,4,0,19,19,0,0.0,0,0,0,19,9.5833,0
114,100.0,8.8699,0,0,4,0,7,6,1,0.1429,1,1,1,0,10.8333,1
115,100.0,8.8699,0,0,4,0,9,9,0,0.0,0,0,0,9,3.6,0
116,100.0,49.8029,0,0,4,0,24,23,1,0.0417,1,1,1,0,15.0833,1
117,100.0,20.8607,0,0,0,0,20,19,1,0.05,1,1,1,0,18.3333,1
118,100.0,70.8607,0,0,3,1,70,69,1,0.0143,1,1,1,0,17.2727,1
119,100.0,71.8463,0,0,4,0,72,71,1,0.0139,1,1,1,0,6.7273,1
120,100.0,38.8305,1,0,4,1,39,37,2,0.0513,1,2,2,0,14.25,1
121,80.0,16.82,0,0,4,0,57,57,0,0.0,0,0,0,57,9.9167,0
122,100.0,11.8594,0,0,4,0,12,12,0,0.0,0,0,0,12,7.9167,0
123,100.0,26.8397,0,0,4,1,27,27,0,0.0,0,0,0,27,6.9167,0
124,100.0,54.8292,0,0,4,0,53,52,1,0.0189,1,1,1,0,10.0909,1
125,100.0,15.8016,2,0,4,0,16,16,0,0.0,0,0,0,16,5.25,0
126,80.0,0.8541,0,0,4,2,1,1,0,0.0,0,0,0,1,5.0,0
127,100.0,40.8016,0,0,4,0,41,41,0,0.0,0,0,0,41,10.0833,0
128,100.0,80.8476,0,0,4,0,80,80,0,0.0,0,0,0,51,5.9167,0
129,100.0,71.8134,0,0,4,0,72,71,1,0.0139,1,1,1,0,16.6667,1
130,100.0,71.3863,0,0,4,1,72,72,0,0.0,0,0,0,72,5.0,0
131,100.0,21.025,0,0,3,0,22,21,1,0.0455,1,1,1,0,10.25,1
132,80.0,9.8555,0,0,3,0,10,9,1,0.1,1,1,1,0,6.1,1
133,100.0,39.816,0,0,4,0,40,39,1,0.025,1,1,1,0,22.6667,1
134,250.0,52.7924,1,4,7,0,53,51,2,0.0377,1,2,2,0,7.0833,1
135,100.0,48.7845,0,0,3,0,87,87,0,0.0,0,0,0,87,7.0833,0
136,100.0,3.8108,0,0,4,0,4,3,1,0.25,1,1,1,0,5.0,1
137,80.0,70.8279,0,0,4,1,70,68,2,0.0286,1,0,0,48,11.4167,0
138,150.0,86.7937,1,2,4,0,87,86,1,0.0115,1,1,1,0,9.25,1
139,100.0,53.8108,0,0,4,1,54,54,0,0.0,0,0,0,54,13.0,0
140,100.0,9.8226,0,0,4,0,10,9,1,0.1,1,1,1,0,6.6,1
141,80.0,14.816,0,0,4,0,15,15,0,0.0,0,0,0,15,10.8333,0
142,100.0,46.8463,0,0,4,0,47,47,0,0.0,0,0,0,47,6.5,0
143,160.0,60.841,0,1,4,0,61,61,0,0.0,0,0,0,61,7.6667,0
144,100.0,23.8173,0,0,4,0,24,24,0,0.0,0,0,0,24,23.25,0
145,100.0,1.774,0,0,4,0,2,1,1,0.5,1,1,1,0,6.5,1
146,100.0,26.8068,0,0,4,0,27,27,0,0.0,0,0,0,27,9.1667,0
147,100.0,4.7963,0,0,4,0,5,5,0,0.0,0,0,0,5,5.6,0
148,100.0,29.5664,0,0,4,1,27,26,1,0.037,1,1,1,0,13.8889,0
149,100.0,0.8541,0,0,4,0,1,1,0,0.0,0,0,0,1,5.0,0
150,100.0,25.7884,0,0,4,0,25,24,1,0.04,1,1,1,0,6.4545,1
151,100.0,27.8252,0,0,4,0,28,28,0,0.0,0,0,0,28,4.9167,0
152,100.0,1.8068,0,0,4,0,2,1,1,0.5,1,1,1,0,5.0,1
153,100.0,80.8476,0,0,4,0,81,81,0,0.0,0,0,0,81,13.5833,0
154,80.0,86.7937,0,0,3,0,83,83,0,0.0,0,0,0,62,6.3333,0
155,100.0,2.2668,0,0,4,0,54,53,1,0.0185,1,1,1,0,13.5,1
156,180.0,24.8357,0,2,4,0,25,24,1,0.04,1,1,1,0,6.3333,1
157,100.0,6.8003,0,0,4,0,7,6,1,0.1429,1,1,1,0,6.5714,1
158,100.0,8.8371,0,0,4,0,9,9,0,0.0,0,0,0,9,12.125,0
159,70.0,61.7608,0,0,4,0,62,61,1,0.0161,1,1,1,0,20.25,1
160,100.0,49.77,0,0,4,1,50,49,1,0.02,1,1,1,0,8.1667,1
161,100.0,0.8541,0,0,4,2,1,1,0,0.0,0,0,0,1,5.0,0
162,100.0,12.8121,0,0,4,0,13,13,0,0.0,0,0,0,13,10.6667,0
163,100.0,45.795,0,0,4,0,46,45,1,0.0217,1,1,1,0,12.5,1
164,100.0,23.7845,0,0,4,0,24,24,0,0.0,0,0,0,24,5.0,0
165,100.0,67.7727,0,0,3,1,68,67,1,0.0147,1,1,1,0,7.0,1
166,100.0,35.8081,0,0,4,0,36,36,0,0.0,0,0,0,36,4.5,0
167,180.0,23.7845,0,2,4,0,24,24,0,0.0,0,0,0,24,5.5,0
168,100.0,4.7635,0,0,4,0,5,5,0,0.0,0,0,0,5,6.6,0
169,100.0,0.8213,0,0,4,0,1,1,0,0.0,0,0,0,1,6.0,0
170,100.0,69.7766,0,0,4,1,72,71,1,0.0139,1,1,1,0,6.9167,1
171,80.0,16.7543,0,0,3,0,17,16,1,0.0588,1,1,1,0,15.25,1
172,60.0,66.7543,0,0,4,1,67,66,1,0.0149,1,1,1,0,9.1667,1
173,100.0,65.7687,1,0,4,0,65,65,0,0.0,0,0,0,1,8.875,0
174,100.0,32.3259,0,0,4,0,32,31,1,0.0312,1,1,1,0,22.9167,1
175,100.0,26.774,0,0,4,1,27,27,0,0.0,0,0,0,27,4.5833,0
176,100.0,44.1524,0,0,4,0,45,45,0,0.0,0,0,0,45,11.5833,0
177,100.0,67.7727,0,0,4,0,68,68,0,0.0,0,0,0,68,10.0,0
178,100.0,1.774,0,0,4,0,2,1,1,0.5,1,1,1,0,5.5,1
179,100.0,9.7898,0,0,6,0,10,8,2,0.2,1,2,2,0,9.7,1
180,100.0,11.6951,0,0,4,0,12,12,0,0.0,0,0,0,12,8.0833,0
181,100.0,41.7871,0,0,4,0,42,42,0,0.0,0,0,0,42,7.25,0
182,100.0,3.7779,0,0,4,0,4,3,1,0.25,1,1,1,0,13.25,1
183,100.0,9.7898,0,0,6,0,10,10,0,0.0,0,0,0,10,5.6,0
184,100.0,4.7635,0,0,4,0,5,4,1,0.2,1,1,1,0,8.4,1
185,100.0,22.7989,0,0,4,0,23,22,1,0.0435,1,1,1,0,6.8333,1
186,100.0,42.7727,0,0,4,0,41,41,0,0.0,0,0,0,0,11.4,0
187,250.0,40.7359,0,5,0,1,41,40,1,0.0244,1,1,1,0,6.1667,1
188,100.0,68.7582,0,0,4,0,69,69,0,0.0,0,0,0,69,5.0,0
189,100.0,49.7043,0,0,4,0,50,50,0,0.0,0,0,0,50,7.1667,0
190,80.0,4.7306,0,0,4,0,5,5,0,0.0,0,0,0,5,6.8,0
191,100.0,4.7306,0,0,4,0,5,5,0,0.0,0,0,0,5,6.8,0
192,100.0,50.7227,0,0,4,0,51,50,1,0.0196,1,1,1,0,11.0833,1
193,100.0,58.7714,0,0,4,1,59,58,1,0.0169,1,1,1,0,9.0833,1
194,100.0,0.7884,0,0,4,0,1,1,0,0.0,0,0,0,1,11.0,0
195,100.0,37.7135,0,0,4,1,38,37,1,0.0263,1,1,1,0,11.25,1
196,100.0,16.7214,0,0,4,0,17,15,2,0.1176,1,2,2,0,17.25,1
197,120.0,79.7635,0,2,4,0,80,79,1,0.0125,1,1,1,0,12.0833,1
198,100.0,2.7267,0,0,4,2,3,2,1,0.3333,1,1,1,0,7.0,1
199,100.0,13.6991,0,0,4,0,14,13,1,0.0714,1,1,1,0,7.3333,1
200,100.0,11.7608,0,0,4,0,12,11,1,0.0833,1,1,1,0,9.4167,1
201,100.0,10.7753,0,0,4,0,11,10,1,0.0909,1,1,1,0,13.0,1
202,100.0,59.7569,0,0,4,0,60,60,0,0.0,0,0,0,60,5.3333,0
203,80.0,31.7674,0,0,4,0,32,32,0,0.0,0,0,0,32,7.25,0
204,100.0,7.753,0,0,4,0,8,7,1,0.125,1,1,1,0,8.0,1
205,100.0,68.7582,0,0,4,1,69,67,2,0.029,1,2,2,0,17.75,1
206,100.0,44.7766,0,0,4,0,45,44,1,0.0222,1,1,1,0,9.5833,1
207,100.0,0.7884,0,0,4,2,1,1,0,0.0,0,0,0,1,7.0,0
208,100.0,66.7214,0,0,4,0,67,67,0,0.0,0,0,0,67,4.9167,0
209,100.0,61.728,0,0,4,0,62,62,0,0.0,0,0,0,62,8.4167,0
210,80.0,7.753,0,0,4,0,54,54,0,0.0,0,0,0,54,8.0,0
211,100.0,26.8725,0,0,4,0,27,26,1,0.037,1,1,1,0,9.3333,1
212,80.0,10.7753,0,0,4,0,11,10,1,0.0909,1,1,1,0,7.9091,1
213,100.0,8.7714,0,0,4,0,9,9,0,0.0,0,0,0,9,8.5714,0
214,100.0,11.7608,0,0,3,0,12,11,1,0.0833,1,1,1,0,6.0,1
215,100.0,56.7674,0,0,4,0,57,57,0,0.0,0,0,0,57,9.5,0
216,100.0,35.7753,0,0,6,1,36,35,1,0.0278,1,1,1,0,11.6667,1
217,100.0,4.7306,0,0,4,1,5,4,1,0.2,1,1,1,0,10.8,1
218,100.0,68.7582,0,0,4,0,69,69,0,0.0,0,0,0,69,8.6667,0
219,100.0,4.7306,0,0,4,0,5,4,1,0.2,1,1,1,0,14.8,1
220,100.0,57.7201,0,0,4,1,58,57,1,0.0172,1,1,1,0,12.9167,1
221,100.0,46.7477,0,0,4,1,47,46,1,0.0213,1,1,1,0,10.0,1
222,100.0,21.7148,0,0,4,0,22,21,1,0.0455,1,1,1,0,11.3333,1
223,100.0,25.6899,0,0,4,0,26,26,0,0.0,0,0,0,26,15.1667,0
224,100.0,12.7464,0,0,1,0,13,12,1,0.0769,1,1,1,0,14.3636,1
225,100.0,64.6846,0,0,4,0,65,65,0,0.0,0,0,0,65,8.25,0
226,100.0,59.724,0,0,4,1,60,60,0,0.0,0,0,0,60,10.8333,0
227,100.0,59.724,0,0,4,1,60,60,0,0.0,0,0,0,60,7.6667,0
228,80.0,16.6886,0,0,4,0,48,46,2,0.0417,1,2,2,0,16.4167,1
229,100.0,50.6899,0,0,3,0,51,49,2,0.0392,1,2,2,0,15.9167,1
230,100.0,42.707,0,0,4,0,43,41,2,0.0465,1,2,2,0,14.5,1
231,100.0,33.7385,0,0,4,0,34,33,1,0.0294,1,1,1,0,15.4167,1
232,150.0,79.7306,0,2,4,0,80,79,1,0.0125,1,1,1,0,14.5,1
233,75.0,59.9869,0,0,4,0,60,59,1,0.0167,1,1,1,0,14.5,1
234,100.0,21.7148,0,0,4,1,22,22,0,0.0,0,0,0,22,9.3333,0
235,100.0,5.7162,0,0,3,3,4,4,0,0.0,0,0,0,0,7.75,0
236,100.0,5.6833,0,0,1,0,6,6,0,0.0,0,0,0,6,9.8333,0
237,100.0,11.6951,0,0,4,0,12,11,1,0.0833,1,1,1,0,14.1667,1
238,100.0,39.6846,0,0,4,0,40,40,0,0.0,0,0,0,40,8.4167,0
239,100.0,15.6702,0,0,4,0,16,15,1,0.0625,1,1,1,0,11.8333,1
240,100.0,39.6846,0,0,4,0,40,39,1,0.025,1,1,1,0,11.5833,1
241,100.0,60.7096,1,0,4,0,61,60,1,0.0164,1,1,1,0,8.75,1
242,100.0,14.6518,0,0,4,0,15,13,2,0.1333,1,2,2,0,20.8333,1
243,100.0,34.724,0,0,4,1,35,34,1,0.0286,1,1,1,0,9.3333,1
244,100.0,26.6754,0,0,4,1,27,27,0,0.0,0,0,0,27,12.0,0
245,100.0,37.6478,0,0,0,1,38,38,0,0.0,0,0,0,38,7.75,0
246,100.0,18.6597,0,0,4,0,19,19,0,0.0,0,0,0,19,8.9167,0
247,100.0,48.7188,0,0,4,0,49,48,1,0.0204,1,1,1,0,15.3333,1
248,100.0,1.6426,0,0,7,0,2,2,0,0.0,0,0,0,2,11.0,0
249,100.0,60.7096,0,0,4,1,61,60,1,0.0164,1,1,1,0,16.75,1
250,100.0,25.657,0,0,4,0,26,25,1,0.0385,1,1,1,0,20.0,1
251,100.0,72.7004,0,0,4,1,73,72,1,0.0137,1,1,1,0,20.8333,1
252,80.0,27.6938,0,0,4,0,27,27,0,0.0,0,0,0,25,4.9167,0
253,100.0,16.6557,0,0,4,0,17,16,1,0.0588,1,1,1,0,10.5833,1
254,100.0,24.7043,0,0,0,0,25,24,1,0.04,1,1,1,0,9.5,1
255,100.0,8.7057,0,0,4,0,9,9,0,0.0,0,0,0,9,10.875,0
256,100.0,9.6912,0,0,4,0,10,9,1,0.1,1,1,1,0,9.2,1
257,100.0,3.6794,0,0,4,0,4,3,1,0.25,1,1,1,0,10.25,1
258,80.0,75.6899,0,0,4,0,74,74,0,0.0,0,0,0,64,4.3333,0
259,80.0,54.6649,0,0,4,0,55,55,0,0.0,0,0,0,55,4.3333,0
260,100.0,20.6965,0,0,4,0,21,20,1,0.0476,1,1,1,0,16.9167,1
261,80.0,1.6426,0,0,4,2,2,1,1,0.5,1,1,1,0,9.0,1
262,100.0,0.7227,0,0,4,0,1,1,0,0.0,0,0,0,1,9.0,0
263,100.0,17.6741,0,0,4,1,18,18,0,0.0,0,0,0,18,7.5833,0
264,250.0,13.6005,1,4,4,0,14,13,1,0.0714,1,1,1,0,13.5,1
265,80.0,29.6649,0,0,4,0,30,29,1,0.0333,1,1,1,0,13.0,1
266,100.0,78.6465,0,0,4,0,79,78,1,0.0127,1,1,1,0,11.0,1
267,100.0,64.159,0,0,4,0,65,64,1,0.0154,1,1,1,0,11.1667,1
268,80.0,33.8371,0,0,4,0,34,33,1,0.0294,1,1,1,0,14.75,1
269,100.0,34.6912,0,0,3,0,35,34,1,0.0286,1,1,1,0,14.8333,1
270,100.0,42.7398,0,0,4,1,41,39,2,0.0488,1,2,2,0,16.1667,1
271,100.0,13.6005,0,0,4,0,11,10,1,0.0909,1,1,1,0,12.8182,1
272,100.0,5.6505,0,0,4,1,6,6,0,0.0,0,0,0,6,12.0,0
273,100.0,4.6321,0,0,4,1,5,4,1,0.2,1,1,1,0,11.25,1
274,100.0,8.6728,0,0,4,0,9,8,1,0.1111,1,1,1,0,7.5,1
275,120.0,13.6005,0,2,4,0,13,12,1,0.0769,1,1,1,0,9.0833,1
276,100.0,1.6097,0,0,4,0,2,2,0,0.0,0,0,0,2,9.5,0
277,100.0,5.6505,1,0,4,1,6,6,0,0.0,0,0,0,6,11.5,0
278,100.0,3.6465,0,0,4,0,4,3,1,0.25,1,1,1,0,10.0,1
279,100.0,19.6452,0,0,4,0,20,19,1,0.05,1,1,1,0,10.0,1
280,100.0,61.5966,0,0,4,0,62,61,1,0.0161,1,1,1,0,16.6667,1
281,80.0,68.6597,0,0,4,0,69,68,1,0.0145,1,1,1,0,13.4167,1
282,100.0,37.615,0,0,4,1,38,37,1,0.0263,1,1,1,0,21.9167,1
283,80.0,54.6321,0,0,4,1,55,55,0,0.0,0,0,0,55,14.1667,0
284,100.0,29.6649,0,0,4,1,30,30,0,0.0,0,0,0,30,10.0833,0
285,100.0,23.3903,1,0,4,0,19,18,1,0.0526,1,1,1,0,12.5833,1
286,100.0,12.6807,0,0,4,1,11,10,1,0.0909,1,1,1,0,11.2727,1
287,100.0,14.6189,0,0,6,0,15,14,1,0.0667,1,1,1,0,11.0,1
288,100.0,67.6084,0,0,4,1,68,68,0,0.0,0,0,0,68,10.5833,0
289,70.0,32.8187,0,0,4,1,33,33,0,0.0,0,0,0,33,10.5833,0
290,80.0,27.0039,0,0,4,1,28,28,0,0.0,0,0,0,28,10.5833,0
291,100.0,5.6505,0,0,4,0,6,6,0,0.0,0,0,0,6,9.5,0
292,100.0,51.6097,1,1,7,0,52,51,1,0.0192,1,1,1,0,10.6364,1
293,100.0,4.5992,0,0,4,1,5,4,1,0.2,1,1,1,0,10.8,1
294,50.0,20.6307,0,0,4,0,20,20,0,0.0,0,0,0,20,15.3333,0
295,100.0,47.6347,0,0,4,0,48,47,1,0.0208,1,1,1,0,9.8333,1
296,100.0,18.594,0,0,6,1,19,19,0,0.0,0,0,0,19,10.5,0
297,100.0,49.5729,0,0,4,0,50,50,0,0.0,0,0,0,50,11.25,0
298,100.0,9.6255,0,0,4,0,10,10,0,0.0,0,0,0,10,10.8,0
299,100.0,47.6347,0,0,4,0,48,48,0,0.0,0,0,0,48,5.0833,0
300,100.0,43.6268,0,0,3,0,44,44,0,0.0,0,0,0,44,13.0,0
301,100.0,47.6347,0,0,4,0,48,47,1,0.0208,1,1,1,0,20.0833,1
302,100.0,26.4126,0,0,4,0,27,27,0,0.0,0,0,0,27,10.5,0
303,100.0,12.6478,0,0,3,0,13,13,0,0.0,0,0,0,13,9.5455,0
304,100.0,66.59,0,0,4,0,67,67,0,0.0,0,0,0,67,16.0,0
305,100.0,27.6281,0,0,4,0,28,27,1,0.0357,1,1,1,0,19.0909,1
306,100.0,4.5992,0,0,4,0,5,4,1,0.2,1,1,1,0,13.0,1
307,100.0,12.6478,0,0,3,0,13,12,1,0.0769,1,1,1,0,14.4,1
308,100.0,5.6176,0,0,4,1,6,6,0,0.0,0,0,0,6,8.0,0
309,100.0,28.6137,0,0,0,0,29,29,0,0.0,0,0,0,29,15.1667,0
310,100.0,23.6202,0,0,4,0,24,23,1,0.0417,1,1,1,0,10.9167,1
311,100.0,47.6347,0,0,4,1,48,47,1,0.0208,1,1,1,0,11.5833,1
312,100.0,55.6176,0,0,4,0,56,56,0,0.0,0,0,0,56,11.0,0
313,100.0,45.6307,0,0,6,0,46,46,0,0.0,0,0,0,46,11.25,0
314,100.0,29.5992,0,0,4,1,30,30,0,0.0,0,0,0,30,7.0833,0
315,100.0,25.657,0,0,4,0,23,22,1,0.0435,1,1,1,0,13.4545,0
316,100.0,1.544,0,1,3,2,2,2,0,0.0,0,0,0,2,12.0,0
317,80.0,25.5585,0,0,4,2,24,24,0,0.0,0,0,0,9,21.1,0
318,100.0,61.5309,0,0,4,0,61,61,0,0.0,0,0,0,61,13.3636,0
319,100.0,8.6071,1,0,4,3,9,9,0,0.0,0,0,0,9,15.7778,0
320,100.0,38.5677,0,0,4,0,38,38,0,0.0,0,0,0,38,11.8182,0
321,100.0,59.3298,0,0,4,0,56,55,1,0.0179,1,1,1,0,10.7143,0
322,2.0,7.9501,1,9,4,0,6,6,0,0.0,0,0,0,0,17.3333,0
323,1.8,7.9501,1,8,4,0,6,6,0,0.0,0,0,0,0,17.3333,0
324,100.0,4.5664,0,0,4,0,5,5,0,0.0,0,0,0,5,11.8,0
325,100.0,34.6255,0,0,4,0,35,35,0,0.0,0,0,0,35,10.9167,0
326,100.0,50.5585,0,0,4,1,47,47,0,0.0,0,0,0,5,16.0,0
327,100.0,70.5979,0,0,4,0,71,71,0,0.0,0,0,0,71,15.5,0
328,100.0,6.5703,0,0,4,0,7,7,0,0.0,0,0,0,7,9.0,0
329,100.0,11.5966,0,0,4,0,12,12,0,0.0,0,0,0,12,11.0833,0
330,100.0,26.5769,0,0,5,0,26,25,1,0.0385,1,1,1,0,14.4545,0
331,100.0,3.5808,0,0,4,0,4,4,0,0.0,0,0,0,4,19.0,0
332,100.0,9.5926,0,0,4,0,9,9,0,0.0,0,0,0,9,12.4444,0
333,180.0,43.594,1,2,4,0,42,42,0,0.0,0,0,0,7,9.1818,0
334,100.0,42.5427,1,0,4,0,41,41,0,0.0,0,0,0,7,9.1818,0
335,100.0,61.5309,0,0,4,0,62,62,0,0.0,0,0,0,62,11.25,0
336,100.0,70.565,0,0,4,0,70,70,0,0.0,0,0,0,70,17.2727,0
337,100.0,18.5611,0,0,4,0,19,19,0,0.0,0,0,0,19,11.5833,0
338,100.0,27.5953,0,0,4,0,28,28,0,0.0,0,0,0,28,10.5833,0
339,100.0,4.5664,0,0,4,1,4,4,0,0.0,0,0,0,4,8.25,0
340,100.0,4.5664,0,0,4,0,4,4,0,0.0,0,0,0,4,12.25,0
341,100.0,7.5558,0,0,0,0,8,8,0,0.0,0,0,0,8,10.1429,0
342,100.0,4.5335,0,0,4,0,4,4,0,0.0,0,0,0,4,13.5,0
343,180.0,59.5598,1,2,4,0,59,59,0,0.0,0,0,0,59,18.6667,0
344,100.0,4.5335,0,0,4,0,4,4,0,0.0,0,0,0,4,13.0,0
345,100.0,56.5703,0,0,4,1,56,56,0,0.0,0,0,0,56,17.3636,0
346,100.0,19.5466,0,0,4,0,19,19,0,0.0,0,0,0,19,17.3636,0
347,100.0,9.5598,0,0,4,0,9,9,0,0.0,0,0,0,9,12.5556,0
348,100.0,7.5558,0,0,4,0,7,7,0,0.0,0,0,0,7,8.5714,0
349,100.0,1.5112,2,0,4,2,2,2,0,0.0,0,0,0,2,9.5,0
350,100.0,35.5782,0,0,4,1,35,35,0,0.0,0,0,0,35,12.3636,0
351,100.0,3.548,2,0,4,2,3,3,0,0.0,0,0,0,3,14.3333,0
352,100.0,21.5506,0,0,4,0,21,21,0,0.0,0,0,0,21,13.0,0
353,100.0,28.548,0,0,4,0,28,28,0,0.0,0,0,0,28,17.0,0
354,100.0,25.5256,0,0,4,0,25,25,0,0.0,0,0,0,25,16.9091,0
355,100.0,27.5624,0,0,3,0,27,27,0,0.0,0,0,0,27,13.1818,0
356,100.0,46.5834,0,0,4,1,47,47,0,0.0,0,0,0,47,14.0,0
357,100.0,6.5375,0,0,4,0,7,7,0,0.0,0,0,0,7,12.5714,0
358,100.0,50.5256,0,0,4,1,51,51,0,0.0,0,0,0,51,7.9167,0
359,100.0,7.5558,0,0,4,0,7,7,0,0.0,0,0,0,7,10.7143,0
360,80.0,71.5177,0,0,4,1,71,70,1,0.0141,1,0,0,60,15.3333,0
361,100.0,38.502,0,0,4,0,38,38,0,0.0,0,0,0,38,16.2727,0
362,100.0,30.5191,0,0,4,0,30,29,1,0.0333,1,1,1,0,15.1,0
363,80.0,18.4954,0,0,4,0,18,18,0,0.0,0,0,0,18,14.7273,0
364,100.0,63.502,0,0,4,0,64,64,0,0.0,0,0,0,64,6.6,0
365,100.0,7.523,0,0,4,1,7,6,1,0.1429,1,1,1,0,17.7143,0
366,100.0,38.502,0,0,4,0,37,36,1,0.027,1,0,0,16,19.6364,0
367,100.0,15.5059,0,0,4,0,15,14,1,0.0667,1,1,1,0,20.5455,0
368,100.0,41.5243,0,0,4,0,41,41,0,0.0,0,0,0,41,11.5,0
369,70.0,62.4836,0,0,4,0,59,59,0,0.0,0,0,0,23,17.3333,0
370,150.0,29.5335,1,2,4,0,29,29,0,0.0,0,0,0,29,15.6364,0
371,150.0,2.4967,0,2,3,0,3,3,0,0.0,0,0,0,3,13.3333,0
372,100.0,36.5309,0,0,4,0,36,36,0,0.0,0,0,0,36,19.2,0
373,180.0,31.5046,0,2,4,0,32,32,0,0.0,0,0,0,32,10.9167,0
374,100.0,21.4849,0,0,4,0,22,21,1,0.0455,1,1,1,0,21.2727,0
375,100.0,22.5033,0,0,4,1,22,22,0,0.0,0,0,0,22,17.0,0
376,100.0,11.498,0,0,4,0,12,12,0,0.0,0,0,0,12,13.8333,0
377,100.0,11.498,0,0,4,1,11,11,0,0.0,0,0,0,11,19.1818,0
378,100.0,4.4678,0,0,4,0,4,4,0,0.0,0,0,0,4,17.0,0
379,100.0,17.477,0,0,3,1,17,17,0,0.0,0,0,0,17,14.4545,0
380,80.0,70.4993,0,0,4,0,70,70,0,0.0,0,0,0,54,5.25,0
381,100.0,3.4823,0,0,4,0,3,3,0,0.0,0,0,0,3,15.6667,0
382,100.0,32.523,0,0,4,1,32,32,0,0.0,0,0,0,32,7.0,0
383,100.0,27.0368,0,0,4,0,26,26,0,0.0,0,0,0,26,13.5455,0
384,100.0,5.4862,0,0,4,1,5,5,0,0.0,0,0,0,5,16.0,0
385,100.0,70.7622,0,0,4,0,70,70,0,0.0,0,0,0,70,16.6364,0
386,100.0,36.5309,0,0,4,0,36,36,0,0.0,0,0,0,36,14.3636,0
387,100.0,53.4823,0,0,4,1,54,54,0,0.0,0,0,0,54,9.0,0
388,100.0,17.477,0,0,3,1,17,17,0,0.0,0,0,0,17,14.4545,0
389,100.0,75.0986,0,0,4,0,74,74,0,0.0,0,0,0,34,17.2727,0
390,100.0,11.498,0,0,4,0,11,11,0,0.0,0,0,0,11,14.3636,0
391,100.0,25.4599,0,0,4,0,25,25,0,0.0,0,0,0,25,20.1818,0
392,80.0,25.4599,0,0,4,0,25,25,0,0.0,0,0,0,25,15.0,0
393,100.0,4.4678,0,0,4,0,4,4,0,0.0,0,0,0,4,18.0,0
394,100.0,40.4731,0,0,4,0,41,41,0,0.0,0,0,0,41,11.0,0
395,100.0,2.4639,0,0,3,2,2,2,0,0.0,0,0,0,2,17.5,0
396,100.0,14.4547,0,0,4,1,14,14,0,0.0,0,0,0,14,14.4545,0
397,100.0,53.4823,0,0,4,0,51,51,0,0.0,0,0,0,28,19.4545,0
398,100.0,1.4455,0,0,4,2,1,1,0,0.0,0,0,0,1,15.0,0
399,100.0,0.6899,0,0,4,0,1,1,0,0.0,0,0,0,1,13.0,0
400,100.0,16.4586,0,0,6,0,30,30,0,0.0,0,0,0,30,16.0,0
401,100.0,62.4507,0,0,4,0,62,62,0,0.0,0,0,0,62,18.0909,0
402,80.0,61.4323,0,0,5,0,61,61,0,0.0,0,0,0,61,16.5455,0
403,100.0,53.4823,0,0,4,0,53,53,0,0.0,0,0,0,53,21.9091,0
404,100.0,30.4534,0,0,4,0,30,30,0,0.0,0,0,0,30,16.0909,0
405,100.0,2.431,0,0,4,2,2,2,0,0.0,0,0,0,2,16.5,0
406,100.0,5.4534,0,0,4,1,5,5,0,0.0,0,0,0,5,17.2,0
407,100.0,15.4402,0,0,4,0,15,15,0,0.0,0,0,0,15,16.0909,0
408,100.0,11.4652,0,0,4,0,11,11,0,0.0,0,0,0,11,18.4545,0
409,80.0,30.4534,0,0,4,0,29,29,0,0.0,0,0,0,29,12.7273,0
410,100.0,66.4258,0,0,4,0,66,65,1,0.0152,1,1,1,0,14.6364,0
411,100.0,60.4796,1,0,6,0,60,59,1,0.0167,1,1,1,0,22.6364,0
412,250.0,85.4139,1,4,3,1,85,85,0,0.0,0,0,0,0,6.25,0
413,150.0,40.3745,1,2,3,1,38,38,0,0.0,0,0,0,0,6.25,0
414,100.0,0.887,0,0,4,0,8,8,0,0.0,0,0,0,8,15.8571,0
415,100.0,65.4402,0,0,4,0,66,66,0,0.0,0,0,0,66,18.3333,0
416,100.0,11.9251,0,0,4,0,11,11,0,0.0,0,0,0,11,16.9091,0
417,100.0,8.4757,0,0,4,1,8,8,0,0.0,0,0,0,8,16.0,0
418,100.0,1.4126,0,0,4,2,1,1,0,0.0,0,0,0,1,16.0,0
419,100.0,26.4455,0,0,4,0,26,26,0,0.0,0,0,0,26,16.2727,0
420,100.0,60.6439,0,0,4,0,58,58,0,0.0,0,0,0,26,16.6364,0
421,100.0,9.4612,0,0,4,1,9,9,0,0.0,0,0,0,9,16.0,0
422,100.0,3.4494,0,0,4,0,3,3,0,0.0,0,0,0,3,16.3333,0
423,100.0,1.4126,0,0,4,2,1,1,0,0.0,0,0,0,1,16.0,0
424,100.0,2.431,0,0,4,2,2,2,0,0.0,0,0,0,2,17.0,0
425,100.0,70.4665,0,0,4,0,70,70,0,0.0,0,0,0,70,19.6364,0
426,100.0,3.4494,0,0,4,0,4,4,0,0.0,0,0,0,4,16.75,0
427,100.0,8.4757,0,0,4,1,8,8,0,0.0,0,0,0,8,16.0,0
428,100.0,45.4665,0,0,4,0,45,45,0,0.0,0,0,0,45,17.2727,0
429,100.0,26.4455,0,0,4,0,26,26,0,0.0,0,0,0,26,18.2727,0
430,100.0,10.4796,0,0,4,0,11,11,0,0.0,0,0,0,11,10.1818,0
431,100.0,79.435,0,0,3,0,79,79,0,0.0,0,0,0,79,17.6364,0
432,80.0,2.8909,0,0,3,0,2,2,0,0.0,0,0,0,2,9.5,0
433,100.0,31.4389,0,0,4,1,31,31,0,0.0,0,0,0,31,16.7273,0
434,100.0,65.4074,0,0,4,0,66,66,0,0.0,0,0,0,66,13.0,0
435,80.0,3.6137,0,0,4,0,9,9,0,0.0,0,0,0,9,13.1111,0
436,100.0,1.3798,0,0,4,0,1,1,0,0.0,0,0,0,1,17.0,0
437,100.0,2.3982,0,0,4,2,2,2,0,0.0,0,0,0,2,18.0,0
438,100.0,55.4205,0,0,4,1,55,55,0,0.0,0,0,0,55,12.8182,0
439,120.0,6.406,0,1,4,0,6,6,0,0.0,0,0,0,6,16.8333,0
440,100.0,6.406,0,0,4,1,7,7,0,0.0,0,0,0,7,15.1429,0
441,100.0,1.3798,0,0,3,2,1,1,0,0.0,0,0,0,1,17.0,0
442,100.0,18.3968,0,0,4,0,18,16,2,0.1111,1,2,2,0,14.5,0
443,100.0,2.3982,0,0,3,1,3,3,0,0.0,0,0,0,3,11.0,0
444,120.0,50.3942,0,1,4,0,51,51,0,0.0,0,0,0,51,7.1667,0
445,100.0,70.138,0,0,4,1,67,65,2,0.0299,1,2,2,0,22.125,0
446,100.0,60.4468,0,0,4,0,60,60,0,0.0,0,0,0,60,17.9091,0
447,100.0,23.4231,0,0,4,0,24,24,0,0.0,0,0,0,24,14.5833,0
448,100.0,65.4074,0,0,3,0,65,65,0,0.0,0,0,0,65,20.0,0
449,100.0,46.452,0,0,4,0,46,46,0,0.0,0,0,0,46,17.8182,0
450,100.0,17.4113,0,0,4,0,17,17,0,0.0,0,0,0,17,17.7273,0
451,400.0,26.4126,1,5,4,0,26,26,0,0.0,0,0,0,0,16.8182,0
452,100.0,26.4126,1,0,4,0,26,26,0,0.0,0,0,0,0,16.8182,0
453,100.0,24.4087,0,0,4,0,24,24,0,0.0,0,0,0,0,17.0,0
454,100.0,8.41,2,0,5,0,8,8,0,0.0,0,0,0,8,18.5,0
455,100.0,14.3561,0,0,4,0,14,14,0,0.0,0,0,0,14,6.7273,0
456,100.0,18.364,0,0,4,0,19,19,0,0.0,0,0,0,19,9.1667,0
457,100.0,16.3601,2,0,4,1,16,16,0,0.0,0,0,0,16,18.0,0
458,100.0,4.3693,0,0,4,0,4,4,0,0.0,0,0,0,4,18.5,0
459,100.0,14.3561,0,0,4,0,14,14,0,0.0,0,0,0,14,17.2727,0
460,100.0,6.3732,0,0,2,0,6,6,0,0.0,0,0,0,6,20.8333,0
461,100.0,31.406,0,0,4,0,31,31,0,0.0,0,0,0,0,17.4545,0
462,100.0,45.4008,0,0,4,0,42,42,0,0.0,0,0,0,10,21.9,0
463,100.0,62.3522,0,0,4,0,62,62,0,0.0,0,0,0,62,21.9091,0
464,80.0,40.3745,0,0,4,2,39,37,2,0.0513,1,2,2,0,21.7273,0
465,100.0,38.3706,0,0,4,0,38,38,0,0.0,0,0,0,38,6.4545,0
466,100.0,1.3469,0,0,4,1,1,1,0,0.0,0,0,0,1,9.0,0
467,100.0,31.406,0,0,4,0,30,30,0,0.0,0,0,0,30,23.8182,0
468,100.0,26.4126,0,0,3,0,10,10,0,0.0,0,0,0,10,20.3,0
469,100.0,26.3798,0,0,4,0,26,26,0,0.0,0,0,0,26,21.4545,0
470,100.0,51.3798,0,0,4,0,51,51,0,0.0,0,0,0,51,18.5455,0
471,100.0,6.3732,0,0,4,0,6,6,0,0.0,0,0,0,6,19.5,0
472,100.0,9.3955,0,0,4,0,9,8,1,0.1111,1,1,1,0,22.5556,0
473,100.0,67.3784,0,0,4,0,67,67,0,0.0,0,0,0,67,19.3636,0
474,100.0,12.4179,0,0,4,0,13,13,0,0.0,0,0,0,13,17.1818,0
475,100.0,68.3968,0,0,4,0,68,68,0,0.0,0,0,0,68,25.4545,0
476,100.0,67.8055,0,0,4,1,67,67,0,0.0,0,0,0,67,18.4545,0
477,100.0,9.3955,0,0,4,1,9,9,0,0.0,0,0,0,9,18.3333,0
478,100.0,1.3469,0,0,4,2,1,1,0,0.0,0,0,0,1,18.0,0
479,100.0,23.3903,1,0,4,0,23,23,0,0.0,0,0,0,0,18.6364,0
480,100.0,1.3469,0,0,4,2,1,1,0,0.0,0,0,0,1,18.0,0
481,100.0,15.3745,0,0,3,1,15,15,0,0.0,0,0,0,15,18.1818,0
482,100.0,60.4139,0,0,4,1,60,60,0,0.0,0,0,0,60,21.9091,0
483,80.0,22.4047,0,0,4,1,22,22,0,0.0,0,0,0,4,12.4545,0
484,100.0,34.4284,0,0,3,0,34,34,0,0.0,0,0,0,34,17.3636,0
485,120.0,85.3482,0,2,3,0,85,85,0,0.0,0,0,0,0,24.1818,0
486,100.0,85.3482,0,0,4,1,80,80,0,0.0,0,0,0,80,18.0,0
487,100.0,13.3377,0,0,6,0,14,14,0,0.0,0,0,0,14,16.0,0
488,100.0,50.3285,0,0,3,0,50,50,0,0.0,0,0,0,50,18.0,0
489,80.0,67.3784,0,0,4,1,67,67,0,0.0,0,0,0,67,21.4545,0
490,100.0,4.3364,0,0,6,1,4,4,0,0.0,0,0,0,4,28.0,0
491,100.0,1.3141,0,0,4,0,1,1,0,0.0,0,0,0,1,19.0,0
492,180.0,25.9855,1,2,3,0,26,25,1,0.0385,1,1,1,0,21.8,0
493,100.0,29.3693,0,0,4,0,29,29,0,0.0,0,0,0,29,16.8182,0
494,100.0,46.3863,0,0,4,0,46,46,0,0.0,0,0,0,46,18.5455,0
495,100.0,4.3364,0,0,4,0,5,5,0,0.0,0,0,0,5,18.6667,0
496,100.0,4.3364,0,0,4,1,4,4,0,0.0,0,0,0,4,24.3333,0
497,100.0,13.3049,0,0,4,0,13,12,1,0.0769,1,1,1,0,20.1818,0
498,100.0,29.3693,0,0,4,0,29,29,0,0.0,0,0,0,29,17.8,0
499,100.0,52.3325,0,0,4,1,52,52,0,0.0,0,0,0,52,11.0909,0
500,100.0,23.3574,0,0,6,0,24,24,0,0.0,0,0,0,24,12.3333,0
501,100.0,27.1025,0,0,4,0,24,24,0,0.0,0,0,0,11,15.4545,0
502,100.0,1.3141,0,0,4,2,1,1,0,0.0,0,0,0,1,19.0,0
503,100.0,4.3364,0,0,6,2,4,4,0,0.0,0,0,0,4,18.0,0
504,150.0,60.3811,0,2,4,0,60,60,0,0.0,0,0,0,60,20.9091,0
505,100.0,9.3627,0,0,4,1,9,8,1,0.1111,1,1,1,0,12.3333,0
506,100.0,1.3141,0,0,4,2,1,1,0,0.0,0,0,0,1,19.0,0
507,100.0,38.3377,0,0,4,0,38,38,0,0.0,0,0,0,38,18.8182,0
508,180.0,8.3771,1,3,3,0,8,8,0,0.0,0,0,0,8,19.5,0
509,100.0,15.3417,1,0,4,1,15,15,0,0.0,0,0,0,15,17.6364,0
510,120.0,18.3311,1,3,4,0,18,18,0,0.0,0,0,0,18,17.5455,0
511,100.0,26.3469,0,0,3,0,27,27,0,0.0,0,0,0,27,7.5,0
512,80.0,2.3325,0,0,4,2,3,3,0,0.0,0,0,0,3,12.0,0
513,80.0,9.8226,0,0,0,0,10,10,0,0.0,0,0,0,10,9.7,0
514,100.0,63.3377,0,0,4,0,64,64,0,0.0,0,0,0,64,10.9167,0
515,100.0,46.3863,0,0,4,1,46,46,0,0.0,0,0,0,46,21.6,0
516,100.0,8.3771,0,0,4,0,8,8,0,0.0,0,0,0,8,22.1429,0
517,100.0,1.2812,0,0,4,0,1,1,0,0.0,0,0,0,1,5.0,0
518,100.0,10.3482,0,0,4,0,10,10,0,0.0,0,0,0,10,20.9,0
519,100.0,71.3206,0,0,4,0,71,71,0,0.0,0,0,0,71,24.2727,0
520,100.0,30.8147,0,0,4,0,30,30,0,0.0,0,0,0,30,10.6364,0
521,100.0,23.3903,0,0,4,0,24,24,0,0.0,0,0,0,24,14.9091,0
522,50.0,14.2904,0,0,4,0,2,2,0,0.0,0,0,0,2,9.0,0
523,100.0,34.3627,0,0,4,1,34,34,0,0.0,0,0,0,34,21.2727,0
524,100.0,26.4126,0,0,4,1,14,14,0,0.0,0,0,0,10,20.0909,0
525,100.0,67.3127,0,0,4,0,67,67,0,0.0,0,0,0,67,12.7273,0
526,80.0,26.8725,0,0,4,1,27,27,0,0.0,0,0,0,27,13.9167,0
527,100.0,71.3206,0,0,4,1,72,72,0,0.0,0,0,0,72,12.25,0
528,200.0,70.3351,0,3,4,1,70,70,0,0.0,0,0,0,70,19.7273,0
529,80.0,27.3325,0,0,4,0,27,26,1,0.037,1,1,1,0,15.7273,0
530,100.0,30.9133,0,0,4,0,30,29,1,0.0333,1,1,1,0,21.9091,0
531,100.0,26.3141,0,0,4,0,26,26,0,0.0,0,0,0,26,26.0,0
532,100.0,54.3035,0,0,4,1,53,53,0,0.0,0,0,0,0,22.0,0
533,100.0,31.406,0,0,4,0,21,21,0,0.0,0,0,0,21,21.7273,0
534,80.0,21.3206,0,0,4,0,21,21,0,0.0,0,0,0,21,21.7273,0
535,700.0,81.3403,0,7,7,1,80,79,1,0.0125,1,0,0,27,4.7273,0
536,100.0,44.3495,0,0,4,0,44,44,0,0.0,0,0,0,44,19.4545,0
537,100.0,28.7122,0,0,4,1,28,28,0,0.0,0,0,0,28,23.0,0
538,100.0,41.3272,0,0,4,0,42,42,0,0.0,0,0,0,42,9.4167,0
539,100.0,43.3311,0,0,4,0,43,43,0,0.0,0,0,0,43,13.6364,0
540,100.0,1.2812,0,0,4,0,1,1,0,0.0,0,0,0,1,20.0,0
541,100.0,28.318,0,0,4,0,28,28,0,0.0,0,0,0,28,22.2727,0
542,180.0,22.339,0,2,4,0,22,22,0,0.0,0,0,0,22,19.0,0
543,100.0,27.2996,0,0,4,1,27,25,2,0.0741,1,1,1,0,11.7273,0
544,100.0,42.2799,0,0,4,0,42,42,0,0.0,0,0,0,42,27.6,0
545,100.0,79.0736,0,0,4,0,30,30,0,0.0,0,0,0,30,21.1818,0
546,100.0,1.2484,0,0,4,2,1,1,0,0.0,0,0,0,1,21.0,0
547,180.0,59.297,0,2,4,1,59,59,0,0.0,0,0,0,59,19.6364,0
548,100.0,12.3193,0,0,4,0,12,12,0,0.0,0,0,0,12,21.0,0
549,100.0,4.2707,0,0,4,0,4,4,0,0.0,0,0,0,4,21.5,0
550,100.0,2.2668,0,0,4,2,2,1,1,0.5,1,1,1,0,21.0,0
551,100.0,2.2668,2,0,3,2,2,2,0,0.0,0,0,0,2,23.0,0
552,100.0,62.2536,0,0,4,1,62,61,1,0.0161,1,1,1,0,21.7,0
553,100.0,5.2891,0,0,4,0,5,5,0,0.0,0,0,0,5,15.8,0
554,100.0,62.2536,0,0,4,0,62,62,0,0.0,0,0,0,62,21.0,0
555,100.0,57.293,0,0,4,0,58,58,0,0.0,0,0,0,58,8.0833,0
556,100.0,14.2576,0,0,4,0,14,14,0,0.0,0,0,0,14,20.2727,0
557,100.0,26.2812,0,0,4,0,26,26,0,0.0,0,0,0,26,20.0,0
558,100.0,30.2891,0,0,4,1,30,29,1,0.0333,1,1,1,0,23.6,0
559,100.0,1.2484,0,0,4,0,1,1,0,0.0,0,0,0,1,9.0,0
560,100.0,7.293,0,0,4,0,7,7,0,0.0,0,0,0,7,21.3333,0
561,100.0,37.2536,0,0,4,2,37,35,2,0.0541,1,2,2,0,18.4,0
562,100.0,15.276,0,0,4,1,15,15,0,0.0,0,0,0,15,9.3636,0
563,100.0,14.2247,0,0,4,0,14,14,0,0.0,0,0,0,14,24.5455,0
564,100.0,36.3009,0,0,4,0,36,35,1,0.0278,1,1,1,0,14.0909,0
565,100.0,67.247,0,0,4,1,66,66,0,0.0,0,0,0,12,21.1818,0
566,100.0,27.2668,0,0,4,0,27,26,1,0.037,1,1,1,0,27.1818,0
567,100.0,65.2431,0,0,4,0,65,65,0,0.0,0,0,0,65,23.2727,0
568,100.0,10.2825,0,0,4,0,10,10,0,0.0,0,0,0,10,22.4,0
569,100.0,72.2733,0,0,4,0,72,72,0,0.0,0,0,0,72,23.7778,0
570,100.0,13.2063,0,0,4,0,13,12,1,0.0769,1,1,1,0,16.2727,0
571,100.0,66.2286,0,0,4,0,65,64,1,0.0154,1,1,1,0,13.6364,0
572,100.0,26.4783,0,0,4,0,25,24,1,0.04,1,0,0,2,23.7,0
573,100.0,11.2681,0,0,4,0,11,11,0,0.0,0,0,0,11,17.5714,0
574,100.0,4.5992,0,0,4,0,4,4,0,0.0,0,0,0,4,17.25,0
575,100.0,8.2786,0,0,4,0,8,8,0,0.0,0,0,0,8,24.0,0
576,100.0,4.2378,0,0,4,0,4,4,0,0.0,0,0,0,4,21.5,0
577,100.0,7.2602,0,0,4,0,6,6,0,0.0,0,0,0,6,18.5,0
578,100.0,31.1761,0,0,4,0,29,27,2,0.069,1,0,0,20,14.1818,0
579,700.0,5.2562,1,6,7,3,5,4,1,0.2,1,1,1,0,12.8,0
580,700.0,1.117,1,6,7,3,2,1,1,0.5,1,1,1,0,16.5,0
581,700.0,5.2562,1,6,7,3,5,4,1,0.2,1,1,1,0,12.8,0
582,100.0,17.2142,1,0,4,0,76,75,1,0.0132,1,0,0,52,21.8182,0
583,200.0,59.2313,0,3,4,0,60,60,0,0.0,0,0,0,60,20.8333,0
584,100.0,44.251,0,0,4,0,44,43,1,0.0227,1,1,1,0,20.0,0
585,100.0,64.1919,0,0,4,0,64,64,0,0.0,0,0,0,64,18.3636,0
586,100.0,25.1971,0,0,3,0,25,25,0,0.0,0,0,0,25,22.7273,0
587,100.0,60.2497,0,0,4,1,60,59,1,0.0167,1,1,1,0,16.1818,0
588,80.0,16.2615,0,0,4,0,16,16,0,0.0,0,0,0,16,24.0,0
589,80.0,16.1958,0,0,4,0,16,16,0,0.0,0,0,0,16,25.6364,0
590,100.0,70.2365,0,0,4,1,70,70,0,0.0,0,0,0,70,23.0,0
591,100.0,10.2497,0,0,4,0,10,10,0,0.0,0,0,0,10,24.8,0
592,100.0,26.2155,0,0,4,0,27,27,0,0.0,0,0,0,27,5.75,0
593,100.0,1.1827,0,0,4,2,1,1,0,0.0,0,0,0,1,23.0,0
594,100.0,33.2457,0,0,4,0,32,32,0,0.0,0,0,0,26,9.3636,0
595,80.0,18.7254,0,0,4,0,18,18,0,0.0,0,0,0,18,9.3636,0
596,100.0,10.2497,0,0,4,0,10,10,0,0.0,0,0,0,10,14.0,0
597,100.0,24.2444,0,0,6,1,24,24,0,0.0,0,0,0,24,23.1818,0
598,80.0,5.2234,0,0,4,0,5,4,1,0.2,1,1,1,0,22.0,0
599,80.0,27.2339,0,0,4,0,27,26,1,0.037,1,1,1,0,15.1818,0
600,100.0,14.1919,0,0,4,1,14,14,0,0.0,0,0,0,14,19.3636,0
601,100.0,40.2102,0,0,0,0,40,40,0,0.0,0,0,0,40,24.7,0
602,100.0,70.2365,0,0,4,0,68,68,0,0.0,0,0,0,27,27.0,0
603,80.0,15.1774,0,0,4,0,14,14,0,0.0,0,0,0,0,22.1,0
604,100.0,70.2037,0,0,4,0,70,70,0,0.0,0,0,0,70,25.6364,0
605,100.0,56.2089,0,0,6,1,56,55,1,0.0179,1,1,1,0,26.5455,0
606,100.0,5.1905,0,0,4,0,5,5,0,0.0,0,0,0,5,24.0,0
607,100.0,8.2129,1,0,4,0,8,8,0,0.0,0,0,0,8,23.5,0
608,100.0,48.226,0,0,4,0,48,48,0,0.0,0,0,0,48,22.7273,0
609,100.0,55.4205,0,0,4,0,55,54,1,0.0182,1,1,1,0,16.8182,0
610,100.0,57.1945,0,0,4,0,57,56,1,0.0175,1,1,1,0,16.8182,0
611,100.0,49.1459,0,0,2,0,49,49,0,0.0,0,0,0,49,23.0,0
612,100.0,36.2352,0,0,3,0,36,36,0,0.0,0,0,0,36,26.7273,0
613,100.0,70.2037,0,0,4,1,70,70,0,0.0,0,0,0,70,22.6,0
614,100.0,9.1984,0,0,4,0,9,9,0,0.0,0,0,0,9,23.7778,0
615,100.0,18.1669,0,0,4,1,18,18,0,0.0,0,0,0,18,26.2727,0
616,100.0,60.2168,0,0,4,0,60,60,0,0.0,0,0,0,60,18.8182,0
617,100.0,66.0315,0,0,4,0,61,61,0,0.0,0,0,0,0,11.2727,0
618,100.0,4.1721,0,0,4,1,4,4,0,0.0,0,0,0,4,23.75,0
619,100.0,61.1367,0,0,4,0,61,61,0,0.0,0,0,0,61,24.1818,0
620,100.0,6.1761,0,0,4,0,6,6,0,0.0,0,0,0,6,24.0,0
621,100.0,21.1564,1,0,4,0,21,21,0,0.0,0,0,0,21,16.0,0
622,100.0,1.1827,1,0,4,0,1,1,0,0.0,0,0,0,1,10.0,0
623,80.0,1.1827,1,0,4,0,1,1,0,0.0,0,0,0,1,10.0,0
624,100.0,42.5427,0,0,4,0,40,39,1,0.025,1,1,1,0,11.0909,0
625,100.0,11.1695,0,0,3,0,11,11,0,0.0,0,0,0,11,24.4545,0
626,100.0,29.1721,0,0,4,0,29,29,0,0.0,0,0,0,29,18.8182,0
627,100.0,19.7766,0,0,4,0,17,17,0,0.0,0,0,0,9,25.3333,0
628,100.0,4.1393,0,0,4,0,4,4,0,0.0,0,0,0,4,25.0,0
629,80.0,68.1669,1,0,3,1,68,68,0,0.0,0,0,0,68,19.9091,0
630,100.0,21.1564,0,0,4,0,21,21,0,0.0,0,0,0,21,19.5455,0
631,100.0,58.5742,0,0,4,0,57,56,1,0.0175,1,1,1,0,18.9091,0
632,100.0,41.1629,0,0,4,0,41,41,0,0.0,0,0,0,41,5.6364,0
633,100.0,18.5283,0,0,3,0,14,13,1,0.0714,1,1,1,0,20.6364,0
634,100.0,50.1314,0,0,4,1,50,50,0,0.0,0,0,0,50,10.2727,0
635,100.0,46.1892,0,0,4,0,45,44,1,0.0222,1,1,1,0,19.4,0
636,100.0,45.1708,0,0,4,1,45,45,0,0.0,0,0,0,45,13.2727,0
637,100.0,47.4704,0,0,4,0,47,45,2,0.0426,1,2,2,0,16.8182,0
638,100.0,5.1577,0,0,4,1,5,5,0,0.0,0,0,0,5,24.4,0
639,80.0,26.1498,0,0,4,0,26,26,0,0.0,0,0,0,26,20.0,0
640,100.0,75.4928,0,0,4,0,75,75,0,0.0,0,0,0,75,15.7273,0
641,150.0,23.1603,0,2,3,0,23,23,0,0.0,0,0,0,23,11.8182,0
642,100.0,1.117,0,0,4,2,1,1,0,0.0,0,0,0,1,25.0,0
643,100.0,4.1393,0,0,3,1,4,4,0,0.0,0,0,0,4,25.0,0
644,100.0,14.1261,0,0,3,0,14,14,0,0.0,0,0,0,14,10.8182,0
645,100.0,31.1761,0,0,4,0,31,30,1,0.0323,1,1,1,0,21.9091,0
646,100.0,70.138,0,0,4,0,70,69,1,0.0143,1,1,1,0,17.4545,0
647,100.0,74.113,0,0,4,1,74,74,0,0.0,0,0,0,74,5.0909,0
648,100.0,72.1419,0,0,4,1,73,73,0,0.0,0,0,0,73,14.0,0
649,100.0,2.1025,0,0,4,2,2,2,0,0.0,0,0,0,2,14.5,0
650,100.0,50.0986,0,0,2,0,51,51,0,0.0,0,0,0,51,7.4167,0
651,100.0,23.1275,0,0,4,0,23,23,0,0.0,0,0,0,23,19.9,0
652,100.0,62.0894,0,0,4,1,62,62,0,0.0,0,0,0,62,21.6,0
653,100.0,47.8975,0,0,4,0,45,43,2,0.0444,1,2,2,0,18.1818,0
654,100.0,13.0749,0,0,4,1,13,13,0,0.0,0,0,0,13,27.3636,0
655,100.0,12.1551,0,0,4,1,12,12,0,0.0,0,0,0,12,25.3,0
656,100.0,24.4087,0,0,4,1,24,24,0,0.0,0,0,0,24,23.7273,0
657,100.0,9.1327,0,0,4,0,9,8,1,0.1111,1,1,1,0,25.2222,0
658,100.0,70.138,0,0,4,0,70,69,1,0.0143,1,1,1,0,16.2727,0
659,100.0,61.071,0,0,4,0,61,61,0,0.0,0,0,0,61,19.0909,0
660,100.0,51.544,0,0,4,0,51,48,3,0.0588,1,2,3,0,22.1818,0
661,100.0,25.0986,0,0,3,0,25,24,1,0.04,1,1,1,0,19.3333,0
662,100.0,34.1656,0,0,4,1,34,33,1,0.0294,1,1,1,0,27.9091,0
663,100.0,60.1511,0,0,4,0,60,59,1,0.0167,1,1,1,0,24.6364,0
664,100.0,14.0933,0,0,4,0,14,13,1,0.0714,1,1,1,0,18.3636,0
665,100.0,67.1156,0,0,4,0,67,67,0,0.0,0,0,0,67,19.3636,0
666,70.0,15.8344,0,0,4,0,15,15,0,0.0,0,0,0,15,19.3636,0
667,50.0,36.1367,0,0,4,0,36,36,0,0.0,0,0,0,36,19.3636,0
668,50.0,3.4494,0,0,4,0,3,3,0,0.0,0,0,0,3,21.0,0
669,100.0,1.0841,0,0,4,0,1,1,0,0.0,0,0,0,1,26.0,0
670,100.0,38.1078,0,0,0,1,38,38,0,0.0,0,0,0,38,21.8182,0
671,100.0,6.1104,0,0,4,1,27,27,0,0.0,0,0,0,5,13.8,0
672,100.0,59.1327,0,0,4,1,59,59,0,0.0,0,0,0,59,25.1818,0
673,100.0,68.134,0,0,4,0,78,78,0,0.0,0,0,0,78,8.0,0
674,100.0,66.9185,1,0,3,0,67,65,2,0.0299,1,2,2,0,22.9167,1
675,100.0,38.1078,1,0,3,0,39,37,2,0.0513,1,2,2,0,22.9167,1
676,100.0,78.088,0,0,4,1,77,77,0,0.0,0,0,0,77,24.3636,0
677,100.0,13.042,0,0,4,1,13,13,0,0.0,0,0,0,13,19.1818,0
678,100.0,2.0696,0,0,4,2,2,2,0,0.0,0,0,0,2,26.0,0
679,100.0,19.0867,0,0,4,1,19,19,0,0.0,0,0,0,19,25.6364,0
680,100.0,44.1196,0,0,4,0,44,44,0,0.0,0,0,0,44,9.6364,0
681,100.0,13.042,0,0,4,1,13,12,1,0.0769,1,1,1,0,19.4545,0
682,100.0,30.092,1,0,4,1,30,30,0,0.0,0,0,0,30,21.0,0
683,100.0,37.0565,0,0,4,0,37,37,0,0.0,0,0,0,37,22.0,0
684,100.0,70.1051,1,0,0,0,70,70,0,0.0,0,0,0,70,21.1818,0
685,100.0,51.0841,2,0,4,0,51,50,1,0.0196,1,1,1,0,19.1818,0
686,100.0,59.0999,0,0,4,1,59,58,1,0.0169,1,1,1,0,24.7273,0
687,100.0,2.0696,0,0,4,1,2,1,1,0.5,1,1,1,0,14.5,0
688,80.0,36.1367,0,0,4,0,36,36,0,0.0,0,0,0,36,7.0,0
689,100.0,9.0999,0,0,4,0,9,8,1,0.1111,1,1,1,0,16.5556,0
690,100.0,2.0696,0,0,4,0,1,1,0,0.0,0,0,0,0,26.0,0
691,100.0,67.0828,0,0,4,0,67,67,0,0.0,0,0,0,67,21.0909,0
692,100.0,14.0604,0,0,4,0,14,14,0,0.0,0,0,0,14,25.0,0
693,100.0,2.0696,0,0,5,0,2,1,1,0.5,1,1,1,0,27.0,0
694,100.0,2.0696,0,0,4,0,2,2,0,0.0,0,0,0,2,27.5,0
695,100.0,30.2891,0,0,4,0,79,79,0,0.0,0,0,0,0,16.0,0
696,100.0,4.0407,0,0,4,0,4,4,0,0.0,0,0,0,4,27.0,0
697,180.0,48.0946,0,2,4,0,48,48,0,0.0,0,0,0,48,27.0,0
698,180.0,48.0946,0,2,4,0,48,48,0,0.0,0,0,0,48,18.9091,0
699,100.0,51.0512,0,0,4,0,51,49,2,0.0392,1,2,2,0,16.8182,0
700,80.0,48.0946,0,0,4,1,48,48,0,0.0,0,0,0,48,18.0909,0
701,100.0,30.0591,0,0,4,0,30,30,0,0.0,0,0,0,30,6.5,0
702,100.0,1.0184,0,0,4,2,1,1,0,0.0,0,0,0,1,28.0,0
703,100.0,4.0407,0,0,4,1,4,4,0,0.0,0,0,0,4,10.75,0
704,100.0,71.0578,0,0,4,0,70,70,0,0.0,0,0,0,64,6.4545,0
705,100.0,69.0539,0,0,4,1,69,69,0,0.0,0,0,0,69,23.3636,0
706,100.0,40.0131,0,0,4,0,40,40,0,0.0,0,0,0,40,16.8182,0
707,100.0,32.0959,0,0,4,0,32,32,0,0.0,0,0,0,32,25.9091,0
708,80.0,78.0552,0,0,5,0,77,76,1,0.013,1,1,1,0,22.0909,0
709,100.0,71.0578,0,0,4,2,71,70,1,0.0141,1,1,1,0,9.8182,0
710,100.0,62.0237,0,0,4,1,59,59,0,0.0,0,0,0,13,8.8182,0
711,100.0,79.0736,0,0,4,0,78,78,0,0.0,0,0,0,78,17.9091,0
712,100.0,8.0815,0,0,4,0,8,8,0,0.0,0,0,0,8,26.5,0
713,80.0,11.1695,0,0,4,1,11,11,0,0.0,0,0,0,11,17.9091,0
714,100.0,14.0276,0,0,4,1,14,14,0,0.0,0,0,0,14,17.0909,0
715,100.0,73.0289,0,0,3,0,73,73,0,0.0,0,0,0,73,15.1818,0
716,180.0,68.7911,2,2,4,0,67,67,0,0.0,0,0,0,67,26.9091,0
717,80.0,59.067,0,0,4,0,59,59,0,0.0,0,0,0,59,25.6364,0
718,100.0,56.0775,0,0,4,0,56,55,1,0.0179,1,1,1,0,10.8182,0
719,100.0,72.0434,0,0,4,1,72,72,0,0.0,0,0,0,72,22.4545,0
720,100.0,11.0381,0,0,4,0,11,11,0,0.0,0,0,0,11,26.8182,0
721,80.0,11.0381,0,0,3,2,70,70,0,0.0,0,0,0,70,21.7273,0
722,100.0,70.0394,0,0,4,0,70,69,1,0.0143,1,1,1,0,19.7273,0
723,120.0,12.0565,0,2,4,0,11,11,0,0.0,0,0,0,11,23.2222,0
724,100.0,17.0171,0,0,4,0,17,16,1,0.0588,1,1,1,0,16.5455,0
725,100.0,57.0302,0,0,4,0,57,55,2,0.0351,1,2,2,0,16.9,0
726,150.0,65.0131,0,2,3,0,64,63,1,0.0156,1,1,1,0,14.9091,0
727,50.0,60.6439,0,0,4,0,59,58,1,0.0169,1,1,1,0,14.9091,0
728,100.0,71.025,0,0,4,0,71,71,0,0.0,0,0,0,71,11.2222,0
729,100.0,45.0394,0,0,3,0,45,44,1,0.0222,1,1,1,0,14.2,0
730,100.0,61.9908,0,0,4,1,62,62,0,0.0,0,0,0,62,11.5455,0
731,100.0,33.0486,0,0,4,0,33,33,0,0.0,0,0,0,33,4.4545,0
732,100.0,72.0434,0,0,4,0,72,72,0,0.0,0,0,0,72,3.0,0
733,100.0,26.4126,0,0,4,1,4,4,0,0.0,0,0,0,4,22.25,0
734,100.0,23.0289,0,0,4,0,23,22,1,0.0435,1,1,1,0,15.3636,0
735,100.0,39.0276,0,0,0,1,39,39,0,0.0,0,0,0,39,11.0909,0
736,100.0,11.0381,0,0,4,0,10,10,0,0.0,0,0,0,10,11.3,0
737,120.0,11.0381,0,1,4,0,11,11,0,0.0,0,0,0,11,10.0,0
738,80.0,80.0591,0,0,4,0,79,79,0,0.0,0,0,0,79,4.7273,0
739,100.0,61.9908,0,0,4,0,62,62,0,0.0,0,0,0,62,9.1818,0
740,100.0,26.4126,0,0,4,0,8,8,0,0.0,0,0,0,8,19.5,0
741,100.0,15.9987,0,0,4,0,16,15,1,0.0625,1,1,1,0,15.8182,0
742,100.0,72.0434,0,0,4,0,72,71,1,0.0139,1,1,1,0,20.2727,0
743,100.0,17.0171,0,0,4,1,17,17,0,0.0,0,0,0,17,22.2727,0
744,100.0,52.0039,0,0,4,1,52,51,1,0.0192,1,1,1,0,18.5455,0
745,100.0,26.4126,0,0,4,0,8,8,0,0.0,0,0,0,8,8.7143,0
746,100.0,65.0131,0,0,4,0,65,65,0,0.0,0,0,0,65,23.7,0
747,100.0,74.0145,0,0,4,0,74,74,0,0.0,0,0,0,74,14.7273,0
748,100.0,4.9934,0,0,4,1,5,5,0,0.0,0,0,0,5,28.0,0
749,70.0,1.9382,0,0,4,2,2,1,1,0.5,1,1,1,0,30.5,0
750,100.0,65.9658,0,0,4,1,66,66,0,0.0,0,0,0,66,5.1818,0
751,80.0,1.9382,0,0,4,0,2,2,0,0.0,0,0,0,2,5.0,0
752,80.0,1.9382,0,0,4,0,2,2,0,0.0,0,0,0,2,5.0,0
753,100.0,14.9803,0,0,4,0,15,14,1,0.0667,1,1,1,0,10.2727,0
754,100.0,4.5664,0,0,4,1,4,4,0,0.0,0,0,0,4,16.0,0
755,100.0,65.9658,0,0,4,0,66,64,2,0.0303,1,2,2,0,22.1818,0
756,100.0,5.979,2,0,4,1,6,5,1,0.1667,1,1,1,0,14.8333,0
757,100.0,39.9803,0,0,4,0,39,39,0,0.0,0,0,0,39,6.5455,0
758,100.0,43.3311,0,0,4,0,43,43,0,0.0,0,0,0,43,24.8182,0
759,100.0,1.9382,0,0,4,2,2,1,1,0.5,1,1,1,0,30.5,0
760,100.0,1.9711,0,0,4,2,2,2,0,0.0,0,0,0,2,28.5,0
761,100.0,29.0079,0,0,3,0,29,29,0,0.0,0,0,0,29,24.4545,0
762,100.0,26.4126,0,0,4,0,8,7,1,0.125,1,1,1,0,22.1429,0
763,100.0,65.9658,0,0,4,1,66,65,1,0.0152,1,1,1,0,11.8182,0
764,100.0,22.0105,0,0,4,1,22,21,1,0.0455,1,1,1,0,26.0,0
765,80.0,20.9921,0,0,4,1,21,20,1,0.0476,1,1,1,0,26.0,0
766,100.0,13.9619,0,0,4,1,14,14,0,0.0,0,0,0,14,17.5455,0
767,100.0,19.2181,0,0,3,0,19,18,1,0.0526,1,1,1,0,9.7273,0
768,100.0,10.0197,0,0,4,0,10,9,1,0.1,1,1,1,0,18.4,0
769,100.0,1.9711,0,0,4,2,2,2,0,0.0,0,0,0,2,16.5,0
770,100.0,29.9934,0,0,4,1,29,29,0,0.0,0,0,0,0,9.3,0
771,100.0,15.9658,0,0,4,0,16,15,1,0.0625,1,1,1,0,22.0,0
772,100.0,70.0066,0,0,4,0,71,71,0,0.0,0,0,0,71,26.9167,0
773,100.0,1.9711,0,0,4,0,2,2,0,0.0,0,0,0,2,17.0,0
774,100.0,41.6557,0,0,4,0,41,39,2,0.0488,1,1,1,0,9.8182,0
775,100.0,65.9658,0,0,4,0,65,65,0,0.0,0,0,0,10,8.3,0
776,100.0,73.4888,0,0,4,0,73,72,1,0.0137,1,1,1,0,24.1818,0
777,100.0,37.9763,0,0,4,1,38,38,0,0.0,0,0,0,38,2.9091,0
778,100.0,65.9658,0,0,4,0,66,66,0,0.0,0,0,0,66,7.8182,0
779,100.0,49.9343,0,0,4,0,50,50,0,0.0,0,0,0,50,25.6364,0
780,100.0,23.1932,0,0,4,1,23,23,0,0.0,0,0,0,23,14.7273,0
781,100.0,6.9974,0,0,4,0,7,6,1,0.1429,1,1,1,0,15.5714,0
